<?xml version="1.0" encoding="UTF-8"?>
<project-private xmlns="http://www.netbeans.org/ns/project-private/1">
    <editor-bookmarks xmlns="http://www.netbeans.org/ns/editor-bookmarks/2" lastBookmarkId="0"/>
    <open-files xmlns="http://www.netbeans.org/ns/projectui-open-files/2">
        <group>
            <file>file:/C:/Users/ANS%20GT/Documents/Project%20Manger/src/ProjectManager.java</file>
            <file>file:/C:/Users/ANS%20GT/Documents/Project%20Manger/src/DBConnection.java</file>
            <file>file:/C:/Users/ANS%20GT/Documents/Project%20Manger/src/RegisterForm.java</file>
            <file>file:/C:/Users/ANS%20GT/Documents/Project%20Manger/src/Task.java</file>
            <file>file:/C:/Users/ANS%20GT/Documents/Project%20Manger/src/Dashboard.java</file>
            <file>file:/C:/Users/ANS%20GT/Documents/Project%20Manger/src/User.java</file>
            <file>file:/C:/Users/ANS%20GT/Documents/Project%20Manger/src/UserDAO.java</file>
            <file>file:/C:/Users/ANS%20GT/Documents/Project%20Manger/src/LoginForm.java</file>
            <file>file:/C:/Users/ANS%20GT/Documents/Project%20Manger/src/ProjectDAO.java</file>
            <file>file:/C:/Users/ANS%20GT/Documents/Project%20Manger/src/TestConnection.java</file>
            <file>file:/C:/Users/ANS%20GT/Documents/Project%20Manger/src/Project.java</file>
            <file>file:/C:/Users/ANS%20GT/Documents/Project%20Manger/src/TaskDAO.java</file>
        </group>
    </open-files>
</project-private>
